Date,Open,High,Low,Close*,Adj Close**,Change,Return,Date
3-Mar-20,"26,762.47","27,084.59","25,706.28","25,917.41","25,917.41",,,3-Mar-20
4-Mar-20,"26,383.68","27,102.34","26,286.31","27,090.86","27,090.86","1,173.45",0.05,4-Mar-20
5-Mar-20,"26,671.92","26,671.92","25,943.33","26,121.28","26,121.28",-969.58,-0.04,5-Mar-20
6-Mar-20,"25,457.21","25,994.38","25,226.62","25,864.78","25,864.78",-256.5,-0.01,6-Mar-20
9-Mar-20,"24,992.36","24,992.36","23,706.07","23,851.02","23,851.02","-2,013.76",-0.08,9-Mar-20
10-Mar-20,"24,453.00","25,020.99","23,690.34","25,018.16","25,018.16","1,167.14",0.05,10-Mar-20
11-Mar-20,"24,604.63","24,604.63","23,328.32","23,553.22","23,553.22","-1,464.94",-0.06,11-Mar-20
12-Mar-20,"22,184.71","22,837.95","21,154.46","21,200.62","21,200.62","-2,352.60",-0.1,12-Mar-20
13-Mar-20,"21,973.82","23,189.76","21,285.37","23,185.62","23,185.62","1,985.00",0.09,13-Mar-20
16-Mar-20,"20,917.53","21,768.28","20,116.46","20,188.52","20,188.52","-2,997.10",-0.13,16-Mar-20
17-Mar-20,"20,487.05","21,379.35","19,882.26","21,237.38","21,237.38","1,048.86",0.05,17-Mar-20
18-Mar-20,"20,188.69","20,489.33","18,917.46","19,898.92","19,898.92","-1,338.46",-0.06,18-Mar-20
19-Mar-20,"19,830.01","20,442.63","19,177.13","20,087.19","20,087.19",188.27,0.01,19-Mar-20
20-Mar-20,"20,253.15","20,531.26","19,094.27","19,173.98","19,173.98",-913.21,-0.05,20-Mar-20
23-Mar-20,"19,028.36","19,121.01","18,213.65","18,591.93","18,591.93",-582.05,-0.03,23-Mar-20
24-Mar-20,"19,722.19","20,737.70","19,649.25","20,704.91","20,704.91","2,112.98",0.11,24-Mar-20
25-Mar-20,"21,050.34","22,019.93","20,538.34","21,200.55","21,200.55",495.64,0.02,25-Mar-20
26-Mar-20,"21,468.38","22,595.06","21,427.10","22,552.17","22,552.17","1,351.62",0.06,26-Mar-20
27-Mar-20,"21,898.47","22,327.57","21,469.27","21,636.78","21,636.78",-915.39,-0.04,27-Mar-20
30-Mar-20,"21,678.22","22,378.09","21,522.08","22,327.48","22,327.48",690.7,0.03,30-Mar-20
31-Mar-20,"22,208.42","22,480.37","21,852.08","21,917.16","21,917.16",-410.32,-0.02,31-Mar-20
1-Apr-20,"21,227.38","21,487.24","20,784.43","20,943.51","20,943.51",-973.65,-0.04,1-Apr-20
2-Apr-20,"20,819.46","21,477.77","20,735.02","21,413.44","21,413.44",469.93,0.02,2-Apr-20
3-Apr-20,"21,285.93","21,447.81","20,863.09","21,052.53","21,052.53",-360.91,-0.02,3-Apr-20
6-Apr-20,"21,693.63","22,783.45","21,693.63","22,679.99","22,679.99","1,627.46",0.08,6-Apr-20
7-Apr-20,"23,537.44","23,617.24","22,634.45","22,653.86","22,653.86",-26.13,0,7-Apr-20
8-Apr-20,"22,893.47","23,513.40","22,682.99","23,433.57","23,433.57",779.71,0.03,8-Apr-20
9-Apr-20,"23,690.66","24,008.99","23,504.09","23,719.37","23,719.37",285.8,0.01,9-Apr-20
13-Apr-20,"23,698.93","23,698.93","23,095.35","23,390.77","23,390.77",-328.6,-0.01,13-Apr-20
14-Apr-20,"23,690.57","24,040.58","23,683.44","23,949.76","23,949.76",558.99,0.02,14-Apr-20
15-Apr-20,"23,600.72","23,649.72","23,233.32","23,504.35","23,504.35",-445.41,-0.02,15-Apr-20
16-Apr-20,"23,543.66","23,598.08","23,211.38","23,537.68","23,537.68",33.33,0,16-Apr-20
17-Apr-20,"23,817.15","24,264.21","23,817.15","24,242.49","24,242.49",704.81,0.03,17-Apr-20
20-Apr-20,"24,095.10","24,108.69","23,627.19","23,650.44","23,650.44",-592.05,-0.02,20-Apr-20
21-Apr-20,"23,365.25","23,365.25","22,941.88","23,018.88","23,018.88",-631.56,-0.03,21-Apr-20
22-Apr-20,"23,437.34","23,613.10","23,339.60","23,475.82","23,475.82",456.94,0.02,22-Apr-20
23-Apr-20,"23,543.09","23,885.36","23,483.35","23,515.26","23,515.26",39.44,0,23-Apr-20
24-Apr-20,"23,628.24","23,826.00","23,417.68","23,775.27","23,775.27",260.01,0.01,24-Apr-20
27-Apr-20,"23,866.15","24,207.65","23,840.61","24,133.78","24,133.78",358.51,0.02,27-Apr-20
28-Apr-20,"24,357.17","24,512.24","24,031.20","24,101.55","24,101.55",-32.23,0,28-Apr-20
29-Apr-20,"24,490.37","24,764.77","24,453.99","24,633.86","24,633.86",532.31,0.02,29-Apr-20
30-Apr-20,"24,585.57","24,585.57","24,186.90","24,345.72","24,345.72",-288.14,-0.01,30-Apr-20
1-May-20,"24,120.78","24,120.78","23,645.30","23,723.69","23,723.69",-622.03,-0.03,1-May-20
4-May-20,"23,581.55","23,769.56","23,361.16","23,749.76","23,749.76",26.07,0,4-May-20
5-May-20,"23,958.88","24,169.72","23,868.91","23,883.09","23,883.09",133.33,0.01,5-May-20
6-May-20,"23,978.88","24,054.59","23,661.14","23,664.64","23,664.64",-218.45,-0.01,6-May-20
7-May-20,"23,837.21","24,094.62","23,834.39","23,875.89","23,875.89",211.25,0.01,7-May-20
8-May-20,"24,107.82","24,349.90","24,107.05","24,331.32","24,331.32",455.43,0.02,8-May-20
11-May-20,"24,256.45","24,366.21","24,070.22","24,221.99","24,221.99",-109.33,0,11-May-20
12-May-20,"24,292.84","24,382.09","23,761.58","23,764.78","23,764.78",-457.21,-0.02,12-May-20
13-May-20,"23,702.16","23,708.90","23,067.64","23,247.97","23,247.97",-516.81,-0.02,13-May-20
14-May-20,"23,049.06","23,630.86","22,789.62","23,625.34","23,625.34",377.37,0.02,14-May-20
15-May-20,"23,454.83","23,730.08","23,354.15","23,685.42","23,685.42",60.08,0,15-May-20
18-May-20,"24,059.98","24,708.54","24,059.98","24,597.37","24,597.37",911.95,0.04,18-May-20
19-May-20,"24,577.48","24,599.50","24,202.96","24,206.86","24,206.86",-390.51,-0.02,19-May-20
20-May-20,"24,455.94","24,649.48","24,455.94","24,575.90","24,575.90",369.04,0.02,20-May-20
21-May-20,"24,564.27","24,718.46","24,370.88","24,474.12","24,474.12",-101.78,0,21-May-20
22-May-20,"24,461.98","24,481.64","24,294.07","24,465.16","24,465.16",-8.96,0,22-May-20
26-May-20,"24,781.84","25,176.42","24,781.84","24,995.11","24,995.11",529.95,0.02,26-May-20
27-May-20,"25,298.63","25,551.56","25,009.87","25,548.27","25,548.27",553.16,0.02,27-May-20
28-May-20,"25,697.36","25,758.79","25,358.73","25,400.64","25,400.64",-147.63,-0.01,28-May-20
29-May-20,"25,324.15","25,482.80","25,031.67","25,383.11","25,383.11",-17.53,0,29-May-20
1-Jun-20,"25,342.99","25,508.83","25,220.66","25,475.02","25,475.02",91.91,0,1-Jun-20
2-Jun-20,"25,582.52","25,743.13","25,523.74","25,742.65","25,742.65",267.63,0.01,2-Jun-20
3-Jun-20,"25,906.88","26,337.75","25,906.88","26,269.89","26,269.89",527.24,0.02,3-Jun-20
4-Jun-20,"26,226.49","26,384.10","26,082.31","26,281.82","26,281.82",11.93,0,4-Jun-20
5-Jun-20,"26,836.80","27,338.30","26,836.80","27,110.98","27,110.98",829.16,0.03,5-Jun-20
8-Jun-20,"27,232.93","27,580.21","27,232.48","27,572.44","27,572.44",461.46,0.02,8-Jun-20
9-Jun-20,"27,447.37","27,447.37","27,151.06","27,272.30","27,272.30",-300.14,-0.01,9-Jun-20
10-Jun-20,"27,251.89","27,355.22","26,938.05","26,989.99","26,989.99",-282.31,-0.01,10-Jun-20
11-Jun-20,"26,282.51","26,294.08","25,082.72","25,128.17","25,128.17","-1,861.82",-0.07,11-Jun-20
12-Jun-20,"25,659.42","25,965.55","25,078.41","25,605.54","25,605.54",477.37,0.02,12-Jun-20
15-Jun-20,"25,270.39","25,891.58","24,843.18","25,763.16","25,763.16",157.62,0.01,15-Jun-20
16-Jun-20,"26,326.68","26,611.03","25,811.70","26,289.98","26,289.98",526.82,0.02,16-Jun-20
17-Jun-20,"26,330.52","26,400.07","26,068.41","26,119.61","26,119.61",-170.37,-0.01,17-Jun-20
18-Jun-20,"26,016.45","26,154.20","25,848.53","26,080.10","26,080.10",-39.51,0,18-Jun-20
19-Jun-20,"26,213.10","26,451.44","25,759.66","25,871.46","25,871.46",-208.64,-0.01,19-Jun-20
22-Jun-20,"25,865.08","26,059.81","25,667.68","26,024.96","26,024.96",153.5,0.01,22-Jun-20
23-Jun-20,"26,159.39","26,314.97","26,105.97","26,156.10","26,156.10",131.14,0.01,23-Jun-20
24-Jun-20,"25,992.96","25,992.96","25,296.73","25,445.94","25,445.94",-710.16,-0.03,24-Jun-20
25-Jun-20,"25,365.22","25,769.61","25,209.79","25,745.60","25,745.60",299.66,0.01,25-Jun-20
26-Jun-20,"25,641.69","25,641.69","24,971.03","25,015.55","25,015.55",-730.05,-0.03,26-Jun-20
29-Jun-20,"25,152.45","25,601.15","25,096.16","25,595.80","25,595.80",580.25,0.02,29-Jun-20
30-Jun-20,"25,512.43","25,905.38","25,475.14","25,812.88","25,812.88",217.08,0.01,30-Jun-20
1-Jul-20,"25,879.38","26,019.31","25,713.61","25,734.97","25,734.97",-77.91,0,1-Jul-20
2-Jul-20,"25,936.45","26,204.41","25,778.12","25,827.36","25,827.36",92.39,0,2-Jul-20
6-Jul-20,"25,996.08","26,297.53","25,996.08","26,287.03","26,287.03",459.67,0.02,6-Jul-20
7-Jul-20,"26,172.01","26,174.93","25,866.58","25,890.18","25,890.18",-396.85,-0.02,7-Jul-20
8-Jul-20,"25,950.06","26,109.49","25,816.25","26,067.28","26,067.28",177.1,0.01,8-Jul-20
9-Jul-20,"26,094.92","26,103.28","25,523.51","25,706.09","25,706.09",-361.19,-0.01,9-Jul-20
10-Jul-20,"25,690.35","26,101.32","25,637.50","26,075.30","26,075.30",369.21,0.01,10-Jul-20
13-Jul-20,"26,225.07","26,639.09","26,044.23","26,085.80","26,085.80",10.5,0,13-Jul-20
14-Jul-20,"26,044.17","26,690.52","25,994.98","26,642.59","26,642.59",556.79,0.02,14-Jul-20
15-Jul-20,"27,009.81","27,071.33","26,692.48","26,870.10","26,870.10",227.51,0.01,15-Jul-20
16-Jul-20,"26,746.57","26,879.16","26,590.01","26,734.71","26,734.71",-135.39,-0.01,16-Jul-20
17-Jul-20,"26,774.62","26,808.43","26,619.88","26,671.95","26,671.95",-62.76,0,17-Jul-20
20-Jul-20,"26,660.29","26,765.02","26,504.20","26,680.87","26,680.87",8.92,0,20-Jul-20
21-Jul-20,"26,833.14","27,025.38","26,766.22","26,840.40","26,840.40",159.53,0.01,21-Jul-20
22-Jul-20,"26,824.56","27,035.24","26,794.19","27,005.84","27,005.84",165.44,0.01,22-Jul-20
23-Jul-20,"26,955.97","26,973.85","26,560.04","26,652.33","26,652.33",-353.51,-0.01,23-Jul-20
24-Jul-20,"26,533.41","26,625.70","26,402.86","26,469.89","26,469.89",-182.44,-0.01,24-Jul-20
27-Jul-20,"26,447.67","26,625.46","26,426.92","26,584.77","26,584.77",114.88,0,27-Jul-20
28-Jul-20,"26,529.45","26,556.84","26,361.71","26,379.28","26,379.28",-205.49,-0.01,28-Jul-20
29-Jul-20,"26,388.44","26,602.45","26,375.39","26,539.57","26,539.57",160.29,0.01,29-Jul-20
30-Jul-20,"26,367.42","26,374.93","25,992.28","26,313.65","26,313.65",-225.92,-0.01,30-Jul-20
31-Jul-20,"26,409.33","26,440.02","26,013.59","26,428.32","26,428.32",114.67,0,31-Jul-20
3-Aug-20,"26,542.32","26,707.26","26,534.38","26,664.40","26,664.40",236.08,0.01,3-Aug-20
4-Aug-20,"26,664.61","26,832.72","26,597.82","26,828.47","26,828.47",164.07,0.01,4-Aug-20
5-Aug-20,"26,924.78","27,221.67","26,924.78","27,201.52","27,201.52",373.05,0.01,5-Aug-20
6-Aug-20,"27,170.82","27,394.10","27,145.25","27,386.98","27,386.98",185.46,0.01,6-Aug-20
7-Aug-20,"27,321.68","27,456.24","27,223.55","27,433.48","27,433.48",46.5,0,7-Aug-20
10-Aug-20,"27,488.21","27,803.86","27,488.21","27,791.44","27,791.44",357.96,0.01,10-Aug-20
11-Aug-20,"27,961.64","28,154.88","27,624.51","27,686.91","27,686.91",-104.53,0,11-Aug-20
12-Aug-20,"27,860.24","28,043.89","27,843.32","27,976.84","27,976.84",289.93,0.01,12-Aug-20
13-Aug-20,"27,922.51","27,986.10","27,789.78","27,896.72","27,896.72",-80.12,0,13-Aug-20
14-Aug-20,"27,828.93","27,977.81","27,759.39","27,931.02","27,931.02",34.3,0,14-Aug-20
17-Aug-20,"27,970.05","27,999.81","27,816.40","27,844.91","27,844.91",-86.11,0,17-Aug-20
18-Aug-20,"27,853.48","27,891.12","27,668.79","27,778.07","27,778.07",-66.84,0,18-Aug-20
19-Aug-20,"27,811.26","27,920.42","27,647.67","27,692.88","27,692.88",-85.19,0,19-Aug-20
20-Aug-20,"27,622.68","27,781.46","27,526.25","27,739.73","27,739.73",46.85,0,20-Aug-20
21-Aug-20,"27,758.13","27,959.48","27,686.78","27,930.33","27,930.33",190.6,0.01,21-Aug-20
24-Aug-20,"28,077.58","28,314.94","28,041.75","28,308.46","28,308.46",378.13,0.01,24-Aug-20
25-Aug-20,"28,347.42","28,400.74","28,094.57","28,248.44","28,248.44",-60.02,0,25-Aug-20
26-Aug-20,"28,257.88","28,353.80","28,153.91","28,331.92","28,331.92",83.48,0,26-Aug-20
27-Aug-20,"28,384.07","28,634.22","28,363.93","28,492.27","28,492.27",160.35,0.01,27-Aug-20
28-Aug-20,"28,601.29","28,733.35","28,487.98","28,653.87","28,653.87",161.6,0.01,28-Aug-20
31-Aug-20,"28,643.66","28,643.66","28,363.55","28,430.05","28,430.05",-223.82,-0.01,31-Aug-20
1-Sep-20,"28,439.61","28,659.26","28,290.72","28,645.66","28,645.66",215.61,0.01,1-Sep-20
2-Sep-20,"28,736.79","29,162.88","28,713.53","29,100.50","29,100.50",454.84,0.02,2-Sep-20
3-Sep-20,"29,090.70","29,199.35","28,074.76","28,292.73","28,292.73",-807.77,-0.03,3-Sep-20
4-Sep-20,"28,341.05","28,539.75","27,664.68","28,133.31","28,133.31",-159.42,-0.01,4-Sep-20
8-Sep-20,"27,925.23","27,925.23","27,464.90","27,500.89","27,500.89",-632.42,-0.02,8-Sep-20
9-Sep-20,"27,711.71","28,206.21","27,704.54","27,940.47","27,940.47",439.58,0.02,9-Sep-20
10-Sep-20,"28,022.51","28,174.78","27,447.08","27,534.58","27,534.58",-405.89,-0.01,10-Sep-20
11-Sep-20,"27,613.86","27,828.82","27,448.15","27,665.64","27,665.64",131.06,0,11-Sep-20
14-Sep-20,"27,718.74","28,086.06","27,718.74","27,993.33","27,993.33",327.69,0.01,14-Sep-20
15-Sep-20,"28,139.76","28,231.06","27,931.45","27,995.60","27,995.60",2.27,0,15-Sep-20
16-Sep-20,"28,031.69","28,364.77","28,021.67","28,032.38","28,032.38",36.78,0,16-Sep-20
17-Sep-20,"27,834.18","28,056.79","27,647.93","27,901.98","27,901.98",-130.4,0,17-Sep-20
18-Sep-20,"27,864.87","27,946.69","27,487.97","27,657.42","27,657.42",-244.56,-0.01,18-Sep-20
21-Sep-20,"27,484.71","27,484.71","26,715.15","27,147.70","27,147.70",-509.72,-0.02,21-Sep-20
22-Sep-20,"27,170.34","27,333.09","26,989.93","27,288.18","27,288.18",140.48,0.01,22-Sep-20
23-Sep-20,"27,413.60","27,464.46","26,716.12","26,763.13","26,763.13",-525.05,-0.02,23-Sep-20
24-Sep-20,"26,716.09","27,094.85","26,537.01","26,815.44","26,815.44",52.31,0,24-Sep-20
25-Sep-20,"26,694.51","27,239.29","26,635.38","27,173.96","27,173.96",358.52,0.01,25-Sep-20
28-Sep-20,"27,362.14","27,722.60","27,362.14","27,584.06","27,584.06",410.1,0.02,28-Sep-20
29-Sep-20,"27,560.24","27,605.60","27,338.09","27,452.66","27,452.66",-131.4,0,29-Sep-20
30-Sep-20,"27,514.64","28,026.33","27,511.06","27,781.70","27,781.70",329.04,0.01,30-Sep-20
1-Oct-20,"27,940.63","28,041.46","27,669.26","27,816.90","27,816.90",35.2,0,1-Oct-20
2-Oct-20,"27,536.39","27,861.43","27,382.94","27,682.81","27,682.81",-134.09,0,2-Oct-20
5-Oct-20,"27,825.42","28,162.64","27,825.42","28,148.64","28,148.64",465.83,0.02,5-Oct-20
6-Oct-20,"28,214.24","28,354.48","27,728.03","27,772.76","27,772.76",-375.88,-0.01,6-Oct-20
7-Oct-20,"27,971.36","28,369.66","27,971.36","28,303.46","28,303.46",530.7,0.02,7-Oct-20
8-Oct-20,"28,348.86","28,459.13","28,265.56","28,425.51","28,425.51",122.05,0,8-Oct-20
9-Oct-20,"28,533.61","28,676.29","28,440.63","28,586.90","28,586.90",161.39,0.01,9-Oct-20
12-Oct-20,"28,671.12","28,957.90","28,659.67","28,837.52","28,837.52",250.62,0.01,12-Oct-20
13-Oct-20,"28,764.95","28,808.84","28,604.35","28,679.81","28,679.81",-157.71,-0.01,13-Oct-20
14-Oct-20,"28,731.30","28,792.56","28,461.73","28,514.00","28,514.00",-165.81,-0.01,14-Oct-20
15-Oct-20,"28,323.40","28,535.85","28,181.54","28,494.20","28,494.20",-19.8,0,15-Oct-20
16-Oct-20,"28,570.72","28,842.90","28,570.72","28,606.31","28,606.31",112.11,0,16-Oct-20
19-Oct-20,"28,633.55","28,711.93","28,139.40","28,195.42","28,195.42",-410.89,-0.01,19-Oct-20
20-Oct-20,"28,245.85","28,575.03","28,243.04","28,308.79","28,308.79",113.37,0,20-Oct-20
21-Oct-20,"28,270.66","28,450.64","28,196.39","28,210.82","28,210.82",-97.97,0,21-Oct-20
22-Oct-20,"28,197.42","28,421.31","28,040.18","28,363.66","28,363.66",152.84,0.01,22-Oct-20
23-Oct-20,"28,409.65","28,436.52","28,149.82","28,335.57","28,335.57",-28.09,0,23-Oct-20
26-Oct-20,"28,185.82","28,185.82","27,370.16","27,685.38","27,685.38",-650.19,-0.02,26-Oct-20
27-Oct-20,"27,651.18","27,707.69","27,457.96","27,463.19","27,463.19",-222.19,-0.01,27-Oct-20
28-Oct-20,"27,102.14","27,102.14","26,497.39","26,519.95","26,519.95",-943.24,-0.03,28-Oct-20
29-Oct-20,"26,480.98","26,891.89","26,290.78","26,659.11","26,659.11",139.16,0.01,29-Oct-20
30-Oct-20,"26,572.27","26,639.18","26,143.77","26,501.60","26,501.60",-157.51,-0.01,30-Oct-20
2-Nov-20,"26,691.28","27,043.48","26,691.28","26,925.05","26,925.05",423.45,0.02,2-Nov-20
3-Nov-20,"27,138.69","27,640.21","27,138.69","27,480.03","27,480.03",554.98,0.02,3-Nov-20
4-Nov-20,"27,512.83","28,301.50","27,512.83","27,847.66","27,847.66",367.63,0.01,4-Nov-20
5-Nov-20,"28,083.37","28,495.05","28,083.37","28,390.18","28,390.18",542.52,0.02,5-Nov-20
6-Nov-20,"28,399.13","28,431.96","28,189.50","28,323.40","28,323.40",-66.78,0,6-Nov-20
9-Nov-20,"29,467.90","29,933.83","29,130.66","29,157.97","29,157.97",834.57,0.03,9-Nov-20
10-Nov-20,"29,254.17","29,478.86","29,126.99","29,420.92","29,420.92",262.95,0.01,10-Nov-20
11-Nov-20,"29,524.35","29,593.11","29,281.22","29,397.63","29,397.63",-23.29,0,11-Nov-20
12-Nov-20,"29,231.91","29,311.83","28,902.13","29,080.17","29,080.17",-317.46,-0.01,12-Nov-20
13-Nov-20,"29,203.90","29,559.25","29,203.90","29,479.81","29,479.81",399.64,0.01,13-Nov-20
16-Nov-20,"29,672.36","29,964.29","29,672.36","29,950.44","29,950.44",470.63,0.02,16-Nov-20
17-Nov-20,"29,800.15","29,872.42","29,520.29","29,783.35","29,783.35",-167.09,-0.01,17-Nov-20
18-Nov-20,"29,875.40","29,930.85","29,432.84","29,438.42","29,438.42",-344.93,-0.01,18-Nov-20
19-Nov-20,"29,370.92","29,524.90","29,228.38","29,483.23","29,483.23",44.81,0,19-Nov-20
20-Nov-20,"29,437.57","29,469.89","29,231.20","29,263.48","29,263.48",-219.75,-0.01,20-Nov-20
23-Nov-20,"29,332.82","29,667.75","29,332.82","29,591.27","29,591.27",327.79,0.01,23-Nov-20
24-Nov-20,"29,746.11","30,116.51","29,746.11","30,046.24","30,046.24",454.97,0.02,24-Nov-20
25-Nov-20,"30,058.87","30,058.87","29,806.25","29,872.47","29,872.47",-173.77,-0.01,25-Nov-20
27-Nov-20,"29,911.33","30,015.13","29,819.98","29,910.37","29,910.37",37.9,0,27-Nov-20
30-Nov-20,"29,854.51","29,854.51","29,463.64","29,638.64","29,638.64",-271.73,-0.01,30-Nov-20
1-Dec-20,"29,797.50","30,083.31","29,797.50","29,823.92","29,823.92",185.28,0.01,1-Dec-20
2-Dec-20,"29,695.09","29,902.51","29,599.29","29,883.79","29,883.79",59.87,0,2-Dec-20
3-Dec-20,"29,920.83","30,110.88","29,877.27","29,969.52","29,969.52",85.73,0,3-Dec-20
4-Dec-20,"29,989.56","30,218.26","29,989.56","30,218.26","30,218.26",248.74,0.01,4-Dec-20
7-Dec-20,"30,233.03","30,233.03","29,967.22","30,069.79","30,069.79",-148.47,0,7-Dec-20
8-Dec-20,"29,997.95","30,246.22","29,972.07","30,173.88","30,173.88",104.09,0,8-Dec-20
9-Dec-20,"30,229.81","30,319.70","29,951.85","30,068.81","30,068.81",-105.07,0,9-Dec-20
10-Dec-20,"30,032.55","30,063.87","29,876.82","29,999.26","29,999.26",-69.55,0,10-Dec-20
11-Dec-20,"29,988.21","30,071.13","29,820.84","30,046.37","30,046.37",47.11,0,11-Dec-20
14-Dec-20,"30,123.91","30,325.79","29,849.15","29,861.55","29,861.55",-184.82,-0.01,14-Dec-20
15-Dec-20,"29,919.09","30,243.26","29,894.95","30,199.31","30,199.31",337.76,0.01,15-Dec-20
16-Dec-20,"30,191.38","30,236.03","30,080.11","30,154.54","30,154.54",-44.77,0,16-Dec-20
17-Dec-20,"30,216.00","30,323.78","30,216.00","30,303.37","30,303.37",148.83,0,17-Dec-20
18-Dec-20,"30,314.26","30,343.59","30,029.44","30,179.05","30,179.05",-124.32,0,18-Dec-20
21-Dec-20,"30,159.00","30,304.14","29,755.53","30,216.45","30,216.45",37.4,0,21-Dec-20
22-Dec-20,"30,200.20","30,200.20","29,992.89","30,015.51","30,015.51",-200.94,-0.01,22-Dec-20
23-Dec-20,"30,046.73","30,292.53","30,046.73","30,129.83","30,129.83",114.32,0,23-Dec-20
24-Dec-20,"30,155.92","30,209.67","30,099.30","30,199.87","30,199.87",70.04,0,24-Dec-20
28-Dec-20,"30,283.23","30,525.56","30,283.23","30,403.97","30,403.97",204.1,0.01,28-Dec-20
29-Dec-20,"30,492.07","30,588.79","30,274.24","30,335.67","30,335.67",-68.3,0,29-Dec-20
30-Dec-20,"30,415.09","30,525.35","30,393.04","30,409.56","30,409.56",73.89,0,30-Dec-20
31-Dec-20,"30,417.64","30,637.47","30,344.50","30,606.48","30,606.48",196.92,0.01,31-Dec-20
4-Jan-21,"30,627.47","30,674.28","29,881.82","30,223.89","30,223.89",-382.59,-0.01,4-Jan-21
5-Jan-21,"30,204.25","30,504.89","30,141.78","30,391.60","30,391.60",167.71,0.01,5-Jan-21
6-Jan-21,"30,362.78","31,022.65","30,313.07","30,829.40","30,829.40",437.8,0.01,6-Jan-21
7-Jan-21,"30,901.18","31,193.40","30,897.86","31,041.13","31,041.13",211.73,0.01,7-Jan-21
8-Jan-21,"31,069.58","31,140.67","30,793.27","31,097.97","31,097.97",56.84,0,8-Jan-21
11-Jan-21,"31,015.37","31,096.98","30,832.06","31,008.69","31,008.69",-89.28,0,11-Jan-21
12-Jan-21,"31,015.01","31,114.56","30,888.76","31,068.69","31,068.69",60,0,12-Jan-21
13-Jan-21,"31,084.88","31,153.37","30,992.05","31,060.47","31,060.47",-8.22,0,13-Jan-21
14-Jan-21,"31,085.67","31,223.78","30,982.24","30,991.52","30,991.52",-68.95,0,14-Jan-21
15-Jan-21,"30,926.77","30,941.98","30,612.67","30,814.26","30,814.26",-177.26,-0.01,15-Jan-21
19-Jan-21,"30,887.42","31,086.62","30,865.03","30,930.52","30,930.52",116.26,0,19-Jan-21
20-Jan-21,"31,017.54","31,235.98","30,997.79","31,188.38","31,188.38",257.86,0.01,20-Jan-21
21-Jan-21,"31,198.01","31,272.22","31,120.92","31,176.01","31,176.01",-12.37,0,21-Jan-21
22-Jan-21,"31,141.56","31,141.56","30,908.47","30,996.98","30,996.98",-179.03,-0.01,22-Jan-21
25-Jan-21,"30,989.85","30,989.85","30,564.06","30,960.00","30,960.00",-36.98,0,25-Jan-21
26-Jan-21,"30,968.55","31,121.42","30,921.71","30,937.04","30,937.04",-22.96,0,26-Jan-21
27-Jan-21,"30,893.78","30,893.78","30,206.91","30,303.17","30,303.17",-633.87,-0.02,27-Jan-21
28-Jan-21,"30,377.19","30,951.41","30,377.19","30,603.36","30,603.36",300.19,0.01,28-Jan-21
29-Jan-21,"30,553.91","30,553.91","29,856.30","29,982.62","29,982.62",-620.74,-0.02,29-Jan-21
1-Feb-21,"30,054.73","30,335.91","30,014.97","30,211.91","30,211.91",229.29,0.01,1-Feb-21
2-Feb-21,"30,276.88","30,840.54","30,276.88","30,687.48","30,687.48",475.57,0.02,2-Feb-21
3-Feb-21,"30,689.65","30,793.41","30,521.31","30,723.60","30,723.60",36.12,0,3-Feb-21
4-Feb-21,"30,737.78","31,065.96","30,737.78","31,055.86","31,055.86",332.26,0.01,4-Feb-21
5-Feb-21,"31,093.81","31,252.18","31,083.22","31,148.24","31,148.24",92.38,0,5-Feb-21
8-Feb-21,"31,191.20","31,386.10","31,191.20","31,385.76","31,385.76",237.52,0.01,8-Feb-21
9-Feb-21,"31,359.88","31,439.47","31,245.86","31,375.83","31,375.83",-9.93,0,9-Feb-21
10-Feb-21,"31,428.02","31,511.44","31,221.32","31,437.80","31,437.80",61.97,0,10-Feb-21
11-Feb-21,"31,466.49","31,543.82","31,244.36","31,430.70","31,430.70",-7.1,0,11-Feb-21
12-Feb-21,"31,420.80","31,475.31","31,347.80","31,458.40","31,458.40",27.7,0,12-Feb-21
16-Feb-21,"31,472.08","31,608.63","31,443.48","31,522.75","31,522.75",64.35,0,16-Feb-21
17-Feb-21,"31,485.61","31,643.70","31,338.76","31,613.02","31,613.02",90.27,0,17-Feb-21
18-Feb-21,"31,558.60","31,558.60","31,285.32","31,493.34","31,493.34",-119.68,0,18-Feb-21
19-Feb-21,"31,504.13","31,647.53","31,469.34","31,494.32","31,494.32",0.98,0,19-Feb-21
22-Feb-21,"31,381.12","31,653.48","31,286.57","31,521.69","31,521.69",27.37,0,22-Feb-21
23-Feb-21,"31,501.89","31,653.38","31,158.76","31,537.35","31,537.35",15.66,0,23-Feb-21
24-Feb-21,"31,499.75","32,009.64","31,421.29","31,961.86","31,961.86",424.51,0.01,24-Feb-21
25-Feb-21,"31,955.94","31,984.77","31,293.32","31,402.01","31,402.01",-559.85,-0.02,25-Feb-21
26-Feb-21,"31,401.29","31,450.89","30,911.37","30,932.37","30,932.37",-469.64,-0.01,26-Feb-21
1-Mar-21,"31,065.90","31,668.34","31,065.90","31,535.51","31,535.51",603.14,0.02,1-Mar-21
2-Mar-21,"31,535.37","31,623.27","31,377.16","31,391.52","31,391.52",-143.99,0,2-Mar-21
3-Mar-21,"31,352.96","31,563.31","31,260.14","31,270.09","31,270.09",-121.43,0,3-Mar-21
4-Mar-21,"31,289.01","31,461.97","30,547.53","30,924.14","30,924.14",-345.95,-0.01,4-Mar-21
5-Mar-21,"31,029.18","31,580.33","30,766.81","31,496.30","31,496.30",572.16,0.02,5-Mar-21
8-Mar-21,"31,512.15","32,148.04","31,512.15","31,802.44","31,802.44",306.14,0.01,8-Mar-21
9-Mar-21,"31,892.35","32,150.32","31,822.64","31,832.74","31,832.74",30.3,0,9-Mar-21
10-Mar-21,"31,906.96","32,389.50","31,906.96","32,297.02","32,297.02",464.28,0.01,10-Mar-21
11-Mar-21,"32,354.50","32,661.59","32,345.70","32,485.59","32,485.59",188.57,0.01,11-Mar-21
12-Mar-21,"32,462.40","32,793.32","32,462.40","32,778.64","32,778.64",293.05,0.01,12-Mar-21
15-Mar-21,"32,798.84","32,973.40","32,629.75","32,953.46","32,953.46",174.82,0.01,15-Mar-21
16-Mar-21,"32,966.75","32,966.75","32,778.23","32,825.95","32,825.95",-127.51,0,16-Mar-21
17-Mar-21,"32,825.52","33,047.58","32,782.18","33,015.37","33,015.37",189.42,0.01,17-Mar-21
18-Mar-21,"32,928.16","33,227.78","32,831.25","32,862.30","32,862.30",-153.07,0,18-Mar-21
19-Mar-21,"32,858.36","32,858.36","32,505.07","32,627.97","32,627.97",-234.33,-0.01,19-Mar-21
22-Mar-21,"32,601.82","32,810.35","32,512.53","32,731.20","32,731.20",103.23,0,22-Mar-21
23-Mar-21,"32,691.50","32,753.77","32,356.28","32,423.15","32,423.15",-308.05,-0.01,23-Mar-21
24-Mar-21,"32,470.88","32,787.99","32,418.15","32,420.06","32,420.06",-3.09,0,24-Mar-21
25-Mar-21,"32,346.81","32,672.69","32,071.41","32,619.48","32,619.48",199.42,0.01,25-Mar-21
26-Mar-21,"32,681.07","33,098.83","32,681.07","33,072.88","33,072.88",453.4,0.01,26-Mar-21
29-Mar-21,"33,087.55","33,259.00","32,905.13","33,171.37","33,171.37",98.49,0,29-Mar-21
30-Mar-21,"33,127.88","33,170.93","32,988.92","33,066.96","33,066.96",-104.41,0,30-Mar-21
31-Mar-21,"33,116.04","33,173.77","32,980.57","32,981.55","32,981.55",-85.41,0,31-Mar-21
1-Apr-21,"33,054.58","33,167.17","32,985.35","33,153.21","33,153.21",171.66,0.01,1-Apr-21
5-Apr-21,"33,222.38","33,617.95","33,222.38","33,527.19","33,527.19",373.98,0.01,5-Apr-21
6-Apr-21,"33,500.02","33,544.79","33,380.43","33,430.24","33,430.24",-96.95,0,6-Apr-21
7-Apr-21,"33,444.98","33,521.76","33,347.96","33,446.26","33,446.26",16.02,0,7-Apr-21
8-Apr-21,"33,469.89","33,506.80","33,342.64","33,503.57","33,503.57",57.31,0,8-Apr-21
9-Apr-21,"33,526.19","33,810.87","33,526.19","33,800.60","33,800.60",297.03,0.01,9-Apr-21
12-Apr-21,"33,775.06","33,786.19","33,665.54","33,745.40","33,745.40",-55.2,0,12-Apr-21
13-Apr-21,"33,721.16","33,741.64","33,545.84","33,677.27","33,677.27",-68.13,0,13-Apr-21
14-Apr-21,"33,668.95","33,911.25","33,668.95","33,730.89","33,730.89",53.62,0,14-Apr-21
15-Apr-21,"33,788.53","34,068.73","33,788.53","34,035.99","34,035.99",305.1,0.01,15-Apr-21
16-Apr-21,"34,058.16","34,256.75","34,058.16","34,200.67","34,200.67",164.68,0,16-Apr-21
19-Apr-21,"34,182.38","34,182.38","33,980.56","34,077.63","34,077.63",-123.04,0,19-Apr-21
20-Apr-21,"34,034.18","34,034.18","33,687.01","33,821.30","33,821.30",-256.33,-0.01,20-Apr-21
21-Apr-21,"33,808.30","34,160.34","33,773.80","34,137.31","34,137.31",316.01,0.01,21-Apr-21
22-Apr-21,"34,109.88","34,126.57","33,717.19","33,815.90","33,815.90",-321.41,-0.01,22-Apr-21
23-Apr-21,"33,804.52","34,157.57","33,713.29","34,043.49","34,043.49",227.59,0.01,23-Apr-21
26-Apr-21,"34,044.23","34,148.94","33,941.37","33,981.57","33,981.57",-61.92,0,26-Apr-21
27-Apr-21,"33,932.13","34,043.98","33,870.46","33,984.93","33,984.93",3.36,0,27-Apr-21
28-Apr-21,"33,860.46","33,946.60","33,805.56","33,820.38","33,820.38",-164.55,0,28-Apr-21
29-Apr-21,"33,855.64","34,087.21","33,744.28","34,060.36","34,060.36",239.98,0.01,29-Apr-21
30-Apr-21,"33,988.75","33,988.75","33,784.96","33,874.85","33,874.85",-185.51,-0.01,30-Apr-21
3-May-21,"33,904.89","34,221.06","33,904.89","34,113.23","34,113.23",238.38,0.01,3-May-21
4-May-21,"34,080.20","34,147.78","33,765.68","34,133.03","34,133.03",19.8,0,4-May-21
5-May-21,"34,163.99","34,331.20","34,039.66","34,230.34","34,230.34",97.31,0,5-May-21
6-May-21,"34,245.11","34,561.29","34,185.06","34,548.53","34,548.53",318.19,0.01,6-May-21
7-May-21,"34,578.27","34,811.39","34,464.31","34,777.76","34,777.76",229.23,0.01,7-May-21
10-May-21,"34,785.27","35,091.56","34,741.57","34,742.82","34,742.82",-34.94,0,10-May-21
11-May-21,"34,572.74","34,572.74","34,075.31","34,269.16","34,269.16",-473.66,-0.01,11-May-21
12-May-21,"34,206.40","34,207.87","33,555.22","33,587.66","33,587.66",-681.5,-0.02,12-May-21
13-May-21,"33,624.74","34,181.77","33,623.49","34,021.45","34,021.45",433.79,0.01,13-May-21
14-May-21,"34,050.86","34,454.05","34,050.86","34,382.13","34,382.13",360.68,0.01,14-May-21
17-May-21,"34,375.29","34,383.84","34,176.65","34,327.79","34,327.79",-54.34,0,17-May-21
18-May-21,"34,351.18","34,408.99","34,044.10","34,060.66","34,060.66",-267.13,-0.01,18-May-21
19-May-21,"33,945.81","33,945.81","33,473.80","33,896.04","33,896.04",-164.62,0,19-May-21
20-May-21,"33,906.30","34,233.40","33,872.41","34,084.15","34,084.15",188.11,0.01,20-May-21
21-May-21,"34,121.91","34,415.48","34,121.91","34,207.84","34,207.84",123.69,0,21-May-21
24-May-21,"34,253.87","34,472.51","34,253.87","34,393.98","34,393.98",186.14,0.01,24-May-21
25-May-21,"34,428.66","34,511.35","34,266.03","34,312.46","34,312.46",-81.52,0,25-May-21
26-May-21,"34,336.34","34,409.59","34,271.44","34,323.05","34,323.05",10.59,0,26-May-21
27-May-21,"34,432.47","34,608.82","34,389.24","34,464.64","34,464.64",141.59,0,27-May-21
28-May-21,"34,558.50","34,631.11","34,520.09","34,529.45","34,529.45",64.81,0,28-May-21
1-Jun-21,"34,584.19","34,849.32","34,542.87","34,575.31","34,575.31",45.86,0,1-Jun-21
2-Jun-21,"34,614.62","34,706.65","34,545.96","34,600.38","34,600.38",25.07,0,2-Jun-21
3-Jun-21,"34,550.31","34,667.41","34,334.41","34,577.04","34,577.04",-23.34,0,3-Jun-21
4-Jun-21,"34,618.69","34,772.12","34,618.69","34,756.39","34,756.39",179.35,0.01,4-Jun-21
7-Jun-21,"34,766.20","34,820.91","34,574.51","34,630.24","34,630.24",-126.15,0,7-Jun-21
8-Jun-21,"34,645.84","34,665.38","34,452.94","34,599.82","34,599.82",-30.42,0,8-Jun-21
9-Jun-21,"34,626.16","34,654.67","34,439.37","34,447.14","34,447.14",-152.68,0,9-Jun-21
10-Jun-21,"34,502.51","34,737.79","34,447.25","34,466.24","34,466.24",19.1,0,10-Jun-21
11-Jun-21,"34,499.81","34,618.09","34,328.65","34,479.60","34,479.60",13.36,0,11-Jun-21
14-Jun-21,"34,472.52","34,472.52","34,211.54","34,393.75","34,393.75",-85.85,0,14-Jun-21
15-Jun-21,"34,397.10","34,420.38","34,199.16","34,299.33","34,299.33",-94.42,0,15-Jun-21
16-Jun-21,"34,308.48","34,333.25","33,917.11","34,033.67","34,033.67",-265.66,-0.01,16-Jun-21
17-Jun-21,"34,014.38","34,091.79","33,626.61","33,823.45","33,823.45",-210.22,-0.01,17-Jun-21
18-Jun-21,"33,622.70","33,622.70","33,271.93","33,290.08","33,290.08",-533.37,-0.02,18-Jun-21
21-Jun-21,"33,312.07","33,908.09","33,312.07","33,876.97","33,876.97",586.89,0.02,21-Jun-21
22-Jun-21,"33,872.56","34,040.70","33,751.06","33,945.58","33,945.58",68.61,0,22-Jun-21
23-Jun-21,"33,948.54","34,009.40","33,869.83","33,874.24","33,874.24",-71.34,0,23-Jun-21
24-Jun-21,"33,933.91","34,233.02","33,933.91","34,196.82","34,196.82",322.58,0.01,24-Jun-21
25-Jun-21,"34,328.10","34,501.02","34,314.80","34,433.84","34,433.84",237.02,0.01,25-Jun-21
28-Jun-21,"34,428.10","34,449.65","34,186.13","34,283.27","34,283.27",-150.57,0,28-Jun-21
29-Jun-21,"34,338.89","34,469.83","34,266.83","34,292.29","34,292.29",9.02,0,29-Jun-21
30-Jun-21,"34,290.74","34,553.16","34,245.48","34,502.51","34,502.51",210.22,0.01,30-Jun-21
1-Jul-21,"34,507.32","34,640.28","34,498.85","34,633.53","34,633.53",131.02,0,1-Jul-21
2-Jul-21,"34,642.42","34,821.93","34,613.49","34,786.35","34,786.35",152.82,0,2-Jul-21
6-Jul-21,"34,790.16","34,814.20","34,358.42","34,577.37","34,577.37",-208.98,-0.01,6-Jul-21
7-Jul-21,"34,604.17","34,708.78","34,435.59","34,681.79","34,681.79",104.42,0,7-Jul-21
8-Jul-21,"34,569.01","34,569.01","34,145.59","34,421.93","34,421.93",-259.86,-0.01,8-Jul-21
9-Jul-21,"34,457.51","34,893.72","34,457.51","34,870.16","34,870.16",448.23,0.01,9-Jul-21
12-Jul-21,"34,836.75","35,014.90","34,730.15","34,996.18","34,996.18",126.02,0,12-Jul-21
13-Jul-21,"34,959.96","35,018.79","34,876.89","34,888.79","34,888.79",-107.39,0,13-Jul-21
14-Jul-21,"34,920.83","35,069.18","34,826.87","34,933.23","34,933.23",44.44,0,14-Jul-21
15-Jul-21,"34,924.81","34,990.41","34,762.87","34,987.02","34,987.02",53.79,0,15-Jul-21
16-Jul-21,"35,007.94","35,090.01","34,647.82","34,687.85","34,687.85",-299.17,-0.01,16-Jul-21
19-Jul-21,"34,528.48","34,528.48","33,741.76","33,962.04","33,962.04",-725.81,-0.02,19-Jul-21
20-Jul-21,"33,981.79","34,621.79","33,981.79","34,511.99","34,511.99",549.95,0.02,20-Jul-21
21-Jul-21,"34,556.96","34,820.24","34,556.96","34,798.00","34,798.00",286.01,0.01,21-Jul-21
22-Jul-21,"34,799.68","34,879.28","34,673.03","34,823.35","34,823.35",25.35,0,22-Jul-21
23-Jul-21,"34,855.11","35,095.33","34,855.11","35,061.55","35,061.55",238.2,0.01,23-Jul-21
26-Jul-21,"35,055.86","35,150.37","34,950.19","35,144.31","35,144.31",82.76,0,26-Jul-21
27-Jul-21,"35,078.90","35,078.90","34,878.07","35,058.52","35,058.52",-85.79,0,27-Jul-21
28-Jul-21,"35,109.95","35,116.37","34,876.84","34,930.93","34,930.93",-127.59,0,28-Jul-21
29-Jul-21,"34,985.99","35,171.52","34,985.99","35,084.53","35,084.53",153.6,0,29-Jul-21
30-Jul-21,"35,013.26","35,106.30","34,871.13","34,935.47","34,935.47",-149.06,0,30-Jul-21
2-Aug-21,"34,968.56","35,192.11","34,808.20","34,838.16","34,838.16",-97.31,0,2-Aug-21
3-Aug-21,"34,864.10","35,120.94","34,714.33","35,116.40","35,116.40",278.24,0.01,3-Aug-21
4-Aug-21,"35,047.44","35,047.44","34,790.62","34,792.67","34,792.67",-323.73,-0.01,4-Aug-21
5-Aug-21,"34,815.61","35,067.54","34,815.61","35,064.25","35,064.25",271.58,0.01,5-Aug-21
6-Aug-21,"35,077.44","35,246.79","35,077.44","35,208.51","35,208.51",144.26,0,6-Aug-21
9-Aug-21,"35,229.67","35,229.67","35,041.24","35,101.85","35,101.85",-106.66,0,9-Aug-21
10-Aug-21,"35,135.17","35,285.16","35,091.91","35,264.67","35,264.67",162.82,0,10-Aug-21
11-Aug-21,"35,300.89","35,501.16","35,300.89","35,484.97","35,484.97",220.3,0.01,11-Aug-21
12-Aug-21,"35,481.94","35,510.77","35,352.53","35,499.85","35,499.85",14.88,0,12-Aug-21
13-Aug-21,"35,551.56","35,610.57","35,474.78","35,515.38","35,515.38",15.53,0,13-Aug-21
16-Aug-21,"35,490.83","35,631.19","35,231.87","35,625.40","35,625.40",110.02,0,16-Aug-21
17-Aug-21,"35,500.01","35,500.01","35,120.31","35,343.28","35,343.28",-282.12,-0.01,17-Aug-21
18-Aug-21,"35,310.20","35,356.80","34,943.41","34,960.69","34,960.69",-382.59,-0.01,18-Aug-21
19-Aug-21,"34,874.67","34,997.81","34,690.25","34,894.12","34,894.12",-66.57,0,19-Aug-21
20-Aug-21,"34,917.96","35,177.26","34,867.07","35,120.08","35,120.08",225.96,0.01,20-Aug-21
23-Aug-21,"35,160.97","35,428.91","35,160.97","35,335.71","35,335.71",215.63,0.01,23-Aug-21
24-Aug-21,"35,382.72","35,445.47","35,356.18","35,366.26","35,366.26",30.55,0,24-Aug-21
25-Aug-21,"35,388.77","35,501.14","35,287.63","35,405.50","35,405.50",39.24,0,25-Aug-21
26-Aug-21,"35,449.68","35,498.45","35,205.10","35,213.12","35,213.12",-192.38,-0.01,26-Aug-21
27-Aug-21,"35,231.11","35,479.18","35,231.11","35,455.80","35,455.80",242.68,0.01,27-Aug-21
30-Aug-21,"35,471.80","35,510.71","35,374.46","35,399.84","35,399.84",-55.96,0,30-Aug-21
31-Aug-21,"35,391.38","35,449.79","35,289.86","35,360.73","35,360.73",-39.11,0,31-Aug-21
1-Sep-21,"35,387.55","35,407.37","35,287.05","35,312.53","35,312.53",-48.2,0,1-Sep-21
2-Sep-21,"35,353.06","35,475.40","35,348.48","35,443.82","35,443.82",131.29,0,2-Sep-21
3-Sep-21,"35,401.73","35,422.71","35,269.40","35,369.09","35,369.09",-74.73,0,3-Sep-21
7-Sep-21,"35,373.24","35,373.24","35,060.90","35,100.00","35,100.00",-269.09,-0.01,7-Sep-21
8-Sep-21,"35,087.45","35,175.15","34,925.61","35,031.07","35,031.07",-68.93,0,8-Sep-21
9-Sep-21,"35,013.08","35,199.89","34,847.30","34,879.38","34,879.38",-151.69,0,9-Sep-21
10-Sep-21,"34,949.59","35,104.25","34,599.61","34,607.72","34,607.72",-271.66,-0.01,10-Sep-21
13-Sep-21,"34,665.50","34,939.10","34,665.50","34,869.63","34,869.63",261.91,0.01,13-Sep-21
14-Sep-21,"34,906.90","34,990.36","34,510.30","34,577.57","34,577.57",-292.06,-0.01,14-Sep-21
15-Sep-21,"34,580.95","34,880.77","34,522.03","34,814.39","34,814.39",236.82,0.01,15-Sep-21
16-Sep-21,"34,810.27","34,943.55","34,540.11","34,751.32","34,751.32",-63.07,0,16-Sep-21
17-Sep-21,"34,737.86","34,779.86","34,519.63","34,584.88","34,584.88",-166.44,0,17-Sep-21
20-Sep-21,"34,459.72","34,459.72","33,613.03","33,970.47","33,970.47",-614.41,-0.02,20-Sep-21
21-Sep-21,"34,025.61","34,313.88","33,914.02","33,919.84","33,919.84",-50.63,0,21-Sep-21
22-Sep-21,"34,006.87","34,440.42","34,006.87","34,258.32","34,258.32",338.48,0.01,22-Sep-21
23-Sep-21,"34,296.30","34,879.78","34,296.30","34,764.82","34,764.82",506.5,0.01,23-Sep-21
24-Sep-21,"34,762.31","34,857.06","34,648.08","34,798.00","34,798.00",33.18,0,24-Sep-21
27-Sep-21,"34,739.27","35,061.12","34,739.27","34,869.37","34,869.37",71.37,0,27-Sep-21
28-Sep-21,"34,747.70","34,798.21","34,254.65","34,299.99","34,299.99",-569.38,-0.02,28-Sep-21
29-Sep-21,"34,360.08","34,580.42","34,305.96","34,390.72","34,390.72",90.73,0,29-Sep-21
30-Sep-21,"34,467.98","34,557.37","33,833.32","33,843.92","33,843.92",-546.8,-0.02,30-Sep-21
1-Oct-21,"33,930.70","34,490.56","33,785.54","34,326.46","34,326.46",482.54,0.01,1-Oct-21
4-Oct-21,"34,312.96","34,410.28","33,821.58","34,002.92","34,002.92",-323.54,-0.01,4-Oct-21
5-Oct-21,"34,035.25","34,490.95","34,035.25","34,314.67","34,314.67",311.75,0.01,5-Oct-21
6-Oct-21,"34,198.96","34,432.68","33,854.69","34,416.99","34,416.99",102.32,0,6-Oct-21
7-Oct-21,"34,509.72","34,975.19","34,509.72","34,754.94","34,754.94",337.95,0.01,7-Oct-21
8-Oct-21,"34,757.57","34,842.62","34,661.95","34,746.25","34,746.25",-8.69,0,8-Oct-21
11-Oct-21,"34,723.79","34,951.35","34,486.51","34,496.06","34,496.06",-250.19,-0.01,11-Oct-21
12-Oct-21,"34,507.15","34,611.24","34,318.94","34,378.34","34,378.34",-117.72,0,12-Oct-21
13-Oct-21,"34,372.71","34,449.83","34,115.10","34,377.81","34,377.81",-0.53,0,13-Oct-21
14-Oct-21,"34,443.22","34,923.83","34,443.22","34,912.56","34,912.56",534.75,0.02,14-Oct-21
15-Oct-21,"35,023.63","35,320.97","35,023.63","35,294.76","35,294.76",382.2,0.01,15-Oct-21
18-Oct-21,"35,221.02","35,327.57","35,035.94","35,258.61","35,258.61",-36.15,0,18-Oct-21
19-Oct-21,"35,325.37","35,462.68","35,290.12","35,457.31","35,457.31",198.7,0.01,19-Oct-21
20-Oct-21,"35,475.16","35,669.69","35,465.71","35,609.34","35,609.34",152.03,0,20-Oct-21
21-Oct-21,"35,520.32","35,612.36","35,442.53","35,603.08","35,603.08",-6.26,0,21-Oct-21
22-Oct-21,"35,607.72","35,765.02","35,533.95","35,677.02","35,677.02",73.94,0,22-Oct-21
25-Oct-21,"35,692.62","35,787.04","35,629.37","35,741.15","35,741.15",64.13,0,25-Oct-21
26-Oct-21,"35,791.05","35,892.92","35,734.73","35,756.88","35,756.88",15.73,0,26-Oct-21
27-Oct-21,"35,835.43","35,835.43","35,490.43","35,490.69","35,490.69",-266.19,-0.01,27-Oct-21
28-Oct-21,"35,545.41","35,742.25","35,545.41","35,730.48","35,730.48",239.79,0.01,28-Oct-21
29-Oct-21,"35,712.28","35,852.53","35,633.20","35,819.56","35,819.56",89.08,0,29-Oct-21
1-Nov-21,"35,833.65","36,009.74","35,797.97","35,913.84","35,913.84",94.28,0,1-Nov-21
2-Nov-21,"35,935.11","36,088.81","35,884.13","36,052.63","36,052.63",138.79,0,2-Nov-21
3-Nov-21,"36,059.09","36,178.51","35,891.73","36,157.58","36,157.58",104.95,0,3-Nov-21
4-Nov-21,"36,107.46","36,168.03","35,986.48","36,124.23","36,124.23",-33.35,0,4-Nov-21
5-Nov-21,"36,268.75","36,484.75","36,190.20","36,327.95","36,327.95",203.72,0.01,5-Nov-21
8-Nov-21,"36,416.46","36,565.73","36,334.42","36,432.22","36,432.22",104.27,0,8-Nov-21
9-Nov-21,"36,404.53","36,416.98","36,173.07","36,319.98","36,319.98",-112.24,0,9-Nov-21
10-Nov-21,"36,299.25","36,346.61","36,009.50","36,079.94","36,079.94",-240.04,-0.01,10-Nov-21
11-Nov-21,"36,038.78","36,108.17","35,915.27","35,921.23","35,921.23",-158.71,0,11-Nov-21
12-Nov-21,"35,963.78","36,147.63","35,934.59","36,100.31","36,100.31",179.08,0,12-Nov-21
15-Nov-21,"36,128.83","36,236.07","36,031.78","36,087.45","36,087.45",-12.86,0,15-Nov-21
16-Nov-21,"36,076.18","36,316.61","36,076.18","36,142.22","36,142.22",54.77,0,16-Nov-21
17-Nov-21,"36,159.70","36,159.70","35,909.48","35,931.05","35,931.05",-211.17,-0.01,17-Nov-21
18-Nov-21,"35,901.69","35,952.63","35,654.39","35,870.95","35,870.95",-60.1,0,18-Nov-21
19-Nov-21,"35,879.09","35,879.09","35,555.37","35,601.98","35,601.98",-268.97,-0.01,19-Nov-21
22-Nov-21,"35,631.41","35,929.66","35,615.55","35,619.25","35,619.25",17.27,0,22-Nov-21
23-Nov-21,"35,619.92","35,841.52","35,542.87","35,813.80","35,813.80",194.55,0.01,23-Nov-21
24-Nov-21,"35,752.31","35,825.47","35,591.03","35,804.38","35,804.38",-9.42,0,24-Nov-21
26-Nov-21,"35,366.69","35,366.69","34,749.80","34,899.34","34,899.34",-905.04,-0.03,26-Nov-21
29-Nov-21,"35,017.71","35,287.91","34,895.89","35,135.94","35,135.94",236.6,0.01,29-Nov-21
30-Nov-21,"35,056.99","35,056.99","34,424.44","34,483.72","34,483.72",-652.22,-0.02,30-Nov-21
1-Dec-21,"34,678.94","35,004.64","34,006.98","34,022.04","34,022.04",-461.68,-0.01,1-Dec-21
2-Dec-21,"34,076.25","34,759.65","34,076.25","34,639.79","34,639.79",617.75,0.02,2-Dec-21
3-Dec-21,"34,692.78","34,801.31","34,264.57","34,580.08","34,580.08",-59.71,0,3-Dec-21
6-Dec-21,"34,633.43","35,356.75","34,633.43","35,227.03","35,227.03",646.95,0.02,6-Dec-21
7-Dec-21,"35,423.99","35,819.47","35,423.99","35,719.43","35,719.43",492.4,0.01,7-Dec-21
8-Dec-21,"35,716.85","35,840.52","35,602.65","35,754.75","35,754.75",35.32,0,8-Dec-21
9-Dec-21,"35,722.26","35,864.24","35,577.14","35,754.69","35,754.69",-0.06,0,9-Dec-21
10-Dec-21,"35,830.55","35,982.69","35,710.43","35,970.99","35,970.99",216.3,0.01,10-Dec-21
13-Dec-21,"35,958.93","35,958.93","35,609.53","35,650.95","35,650.95",-320.04,-0.01,13-Dec-21
14-Dec-21,"35,605.73","35,779.47","35,441.74","35,544.18","35,544.18",-106.77,0,14-Dec-21
15-Dec-21,"35,549.35","35,943.84","35,389.30","35,927.43","35,927.43",383.25,0.01,15-Dec-21
16-Dec-21,"36,036.28","36,189.83","35,778.21","35,897.64","35,897.64",-29.79,0,16-Dec-21
17-Dec-21,"35,800.11","35,800.11","35,284.26","35,365.44","35,365.44",-532.2,-0.01,17-Dec-21
20-Dec-21,"35,222.12","35,222.12","34,665.50","34,932.16","34,932.16",-433.28,-0.01,20-Dec-21
21-Dec-21,"35,069.50","35,508.96","35,069.50","35,492.70","35,492.70",560.54,0.02,21-Dec-21
22-Dec-21,"35,491.71","35,764.67","35,433.13","35,753.89","35,753.89",261.19,0.01,22-Dec-21
23-Dec-21,"35,782.42","36,060.99","35,782.42","35,950.56","35,950.56",196.67,0.01,23-Dec-21
27-Dec-21,"35,954.48","36,306.61","35,954.48","36,302.38","36,302.38",351.82,0.01,27-Dec-21
28-Dec-21,"36,302.99","36,527.26","36,302.99","36,398.21","36,398.21",95.83,0,28-Dec-21
29-Dec-21,"36,421.14","36,571.55","36,396.19","36,488.63","36,488.63",90.42,0,29-Dec-21
30-Dec-21,"36,522.48","36,679.44","36,372.13","36,398.08","36,398.08",-90.55,0,30-Dec-21
31-Dec-21,"36,385.85","36,484.94","36,303.97","36,338.30","36,338.30",-59.78,0,31-Dec-21
3-Jan-22,"36,321.59","36,595.82","36,246.45","36,585.06","36,585.06",246.76,0.01,3-Jan-22
4-Jan-22,"36,636.00","36,934.84","36,636.00","36,799.65","36,799.65",214.59,0.01,4-Jan-22
5-Jan-22,"36,722.60","36,952.65","36,400.39","36,407.11","36,407.11",-392.54,-0.01,5-Jan-22
6-Jan-22,"36,409.05","36,464.19","36,200.68","36,236.47","36,236.47",-170.64,0,6-Jan-22
7-Jan-22,"36,249.59","36,382.84","36,111.53","36,231.66","36,231.66",-4.81,0,7-Jan-22
10-Jan-22,"36,175.21","36,175.21","35,639.91","36,068.87","36,068.87",-162.79,0,10-Jan-22
11-Jan-22,"36,058.85","36,271.47","35,769.38","36,252.02","36,252.02",183.15,0.01,11-Jan-22
12-Jan-22,"36,336.16","36,453.49","36,168.15","36,290.32","36,290.32",38.3,0,12-Jan-22
13-Jan-22,"36,312.49","36,513.88","36,044.22","36,113.62","36,113.62",-176.7,0,13-Jan-22
14-Jan-22,"35,996.43","35,996.43","35,641.49","35,911.81","35,911.81",-201.81,-0.01,14-Jan-22
18-Jan-22,"35,661.76","35,661.76","35,262.02","35,368.47","35,368.47",-543.34,-0.02,18-Jan-22
19-Jan-22,"35,412.30","35,547.83","35,015.49","35,028.65","35,028.65",-339.82,-0.01,19-Jan-22
20-Jan-22,"35,102.66","35,490.20","34,670.12","34,715.39","34,715.39",-313.26,-0.01,20-Jan-22
21-Jan-22,"34,701.69","34,896.67","34,229.55","34,265.37","34,265.37",-450.02,-0.01,21-Jan-22
24-Jan-22,"34,070.61","34,420.99","33,150.33","34,364.50","34,364.50",99.13,0,24-Jan-22
25-Jan-22,"34,186.64","34,591.04","33,545.52","34,297.73","34,297.73",-66.77,0,25-Jan-22
26-Jan-22,"34,520.82","34,815.67","33,876.48","34,168.09","34,168.09",-129.64,0,26-Jan-22
27-Jan-22,"34,261.75","34,773.32","34,007.78","34,160.78","34,160.78",-7.31,0,27-Jan-22
28-Jan-22,"34,135.24","34,731.77","33,807.51","34,725.47","34,725.47",564.69,0.02,28-Jan-22
31-Jan-22,"34,691.17","35,148.14","34,496.10","35,131.86","35,131.86",406.39,0.01,31-Jan-22
1-Feb-22,"35,151.47","35,441.09","34,977.95","35,405.24","35,405.24",273.38,0.01,1-Feb-22
2-Feb-22,"35,378.19","35,679.20","35,290.12","35,629.33","35,629.33",224.09,0.01,2-Feb-22
3-Feb-22,"35,520.08","35,535.94","35,071.06","35,111.16","35,111.16",-518.17,-0.01,3-Feb-22
4-Feb-22,"35,095.74","35,333.55","34,799.08","35,089.74","35,089.74",-21.42,0,4-Feb-22
7-Feb-22,"35,108.38","35,325.01","34,993.98","35,091.13","35,091.13",1.39,0,7-Feb-22
8-Feb-22,"35,160.68","35,544.89","35,090.42","35,462.78","35,462.78",371.65,0.01,8-Feb-22
9-Feb-22,"35,614.90","35,824.28","35,614.90","35,768.06","35,768.06",305.28,0.01,9-Feb-22
10-Feb-22,"35,630.81","35,800.24","35,100.72","35,241.59","35,241.59",-526.47,-0.01,10-Feb-22
11-Feb-22,"35,267.89","35,431.15","34,620.52","34,738.06","34,738.06",-503.53,-0.01,11-Feb-22
14-Feb-22,"34,694.50","34,744.56","34,304.28","34,566.17","34,566.17",-171.89,0,14-Feb-22
15-Feb-22,"34,686.19","35,047.79","34,686.19","34,988.84","34,988.84",422.67,0.01,15-Feb-22
16-Feb-22,"34,951.83","35,042.09","34,642.64","34,934.27","34,934.27",-54.57,0,16-Feb-22
17-Feb-22,"34,858.47","34,858.47","34,246.23","34,312.03","34,312.03",-622.24,-0.02,17-Feb-22
18-Feb-22,"34,310.45","34,423.58","33,976.18","34,079.18","34,079.18",-232.85,-0.01,18-Feb-22
22-Feb-22,"33,974.09","34,024.74","33,364.29","33,596.61","33,596.61",-482.57,-0.01,22-Feb-22
23-Feb-22,"33,680.97","33,832.59","33,084.90","33,131.76","33,131.76",-464.85,-0.01,23-Feb-22
24-Feb-22,"32,830.33","33,269.34","32,272.64","33,223.83","33,223.83",92.07,0,24-Feb-22
25-Feb-22,"33,277.22","34,095.74","33,277.22","34,058.75","34,058.75",834.92,0.03,25-Feb-22
28-Feb-22,"33,870.62","33,963.63","33,469.31","33,892.60","33,892.60",-166.15,0,28-Feb-22
1-Mar-22,"33,813.48","33,870.14","33,107.67","33,294.95","33,294.95",-597.65,-0.02,1-Mar-22
2-Mar-22,"33,379.51","34,013.67","33,379.51","33,891.35","33,891.35",596.4,0.02,2-Mar-22
3-Mar-22,"33,972.87","34,179.07","33,641.53","33,794.66","33,794.66",-96.69,0,3-Mar-22
4-Mar-22,"33,655.43","33,655.43","33,254.12","33,614.80","33,614.80",-179.86,-0.01,4-Mar-22
7-Mar-22,"33,579.75","33,579.75","32,806.15","32,817.38","32,817.38",-797.42,-0.02,7-Mar-22
8-Mar-22,"32,885.17","33,402.98","32,578.73","32,632.64","32,632.64",-184.74,-0.01,8-Mar-22
9-Mar-22,"32,860.42","33,457.28","32,860.42","33,286.25","33,286.25",653.61,0.02,9-Mar-22
10-Mar-22,"33,106.77","33,236.59","32,819.76","33,174.07","33,174.07",-112.18,0,10-Mar-22
11-Mar-22,"33,279.72","33,515.61","32,911.89","32,944.19","32,944.19",-229.88,-0.01,11-Mar-22
14-Mar-22,"33,000.37","33,395.59","32,818.16","32,945.24","32,945.24",1.05,0,14-Mar-22
15-Mar-22,"32,989.27","33,620.84","32,989.27","33,544.34","33,544.34",599.1,0.02,15-Mar-22
16-Mar-22,"33,653.93","34,075.94","33,391.24","34,063.10","34,063.10",518.76,0.02,16-Mar-22
17-Mar-22,"33,995.39","34,483.92","33,896.06","34,480.76","34,480.76",417.66,0.01,17-Mar-22
18-Mar-22,"34,466.72","34,755.20","34,279.83","34,754.93","34,754.93",274.17,0.01,18-Mar-22
21-Mar-22,"34,669.85","34,808.28","34,341.81","34,552.99","34,552.99",-201.94,-0.01,21-Mar-22
22-Mar-22,"34,583.24","34,882.03","34,583.24","34,807.46","34,807.46",254.47,0.01,22-Mar-22
23-Mar-22,"34,748.84","34,748.84","34,352.96","34,358.50","34,358.50",-448.96,-0.01,23-Mar-22
24-Mar-22,"34,406.81","34,713.56","34,355.42","34,707.94","34,707.94",349.44,0.01,24-Mar-22
25-Mar-22,"34,702.39","34,942.70","34,631.52","34,861.24","34,861.24",153.3,0,25-Mar-22
28-Mar-22,"34,833.03","34,957.93","34,552.23","34,955.89","34,955.89",94.65,0,28-Mar-22
29-Mar-22,"35,114.35","35,372.26","35,030.07","35,294.19","35,294.19",338.3,0.01,29-Mar-22
30-Mar-22,"35,273.63","35,361.36","35,058.58","35,228.81","35,228.81",-65.38,0,30-Mar-22
31-Mar-22,"35,201.52","35,201.52","34,677.99","34,678.35","34,678.35",-550.46,-0.02,31-Mar-22
1-Apr-22,"34,740.89","34,847.91","34,538.25","34,818.27","34,818.27",139.92,0,1-Apr-22
4-Apr-22,"34,799.98","34,940.78","34,615.38","34,921.88","34,921.88",103.61,0,4-Apr-22
5-Apr-22,"34,876.33","35,112.21","34,566.04","34,641.18","34,641.18",-280.7,-0.01,5-Apr-22
6-Apr-22,"34,520.34","34,609.84","34,277.17","34,496.51","34,496.51",-144.67,0,6-Apr-22
7-Apr-22,"34,439.24","34,705.83","34,190.95","34,583.57","34,583.57",87.06,0,7-Apr-22
8-Apr-22,"34,569.24","34,908.46","34,470.19","34,721.12","34,721.12",137.55,0,8-Apr-22
11-Apr-22,"34,630.27","34,701.34","34,272.29","34,308.08","34,308.08",-413.04,-0.01,11-Apr-22
12-Apr-22,"34,412.51","34,669.97","34,102.81","34,220.36","34,220.36",-87.72,0,12-Apr-22
13-Apr-22,"34,166.64","34,598.36","34,140.64","34,564.59","34,564.59",344.23,0.01,13-Apr-22
14-Apr-22,"34,628.46","34,889.17","34,437.50","34,451.23","34,451.23",-113.36,0,14-Apr-22
18-Apr-22,"34,411.49","34,618.29","34,279.08","34,411.69","34,411.69",-39.54,0,18-Apr-22
19-Apr-22,"34,394.62","34,983.11","34,394.62","34,911.20","34,911.20",499.51,0.01,19-Apr-22
20-Apr-22,"34,962.67","35,315.40","34,962.67","35,160.79","35,160.79",249.59,0.01,20-Apr-22
21-Apr-22,"35,258.80","35,492.22","34,723.82","34,792.76","34,792.76",-368.03,-0.01,21-Apr-22
22-Apr-22,"34,727.38","34,727.38","33,773.39","33,811.40","33,811.40",-981.36,-0.03,22-Apr-22
25-Apr-22,"33,731.65","34,106.01","33,323.37","34,049.46","34,049.46",238.06,0.01,25-Apr-22
26-Apr-22,"33,907.49","33,909.51","33,230.95","33,240.18","33,240.18",-809.28,-0.02,26-Apr-22
27-Apr-22,"33,450.92","33,697.18","33,108.89","33,301.93","33,301.93",61.75,0,27-Apr-22
28-Apr-22,"33,425.96","34,054.79","33,248.46","33,916.39","33,916.39",614.46,0.02,28-Apr-22
29-Apr-22,"33,787.01","33,919.59","32,913.15","32,977.21","32,977.21",-939.18,-0.03,29-Apr-22
2-May-22,"32,978.49","33,224.95","32,449.87","33,061.50","33,061.50",84.29,0,2-May-22
3-May-22,"33,086.09","33,341.58","32,914.75","33,128.79","33,128.79",67.29,0,3-May-22
4-May-22,"33,171.80","34,117.74","33,021.84","34,061.06","34,061.06",932.27,0.03,4-May-22
5-May-22,"33,854.17","33,854.17","32,685.10","32,997.97","32,997.97","-1,063.09",-0.03,5-May-22
6-May-22,"32,773.88","33,055.84","32,474.69","32,899.37","32,899.37",-98.6,0,6-May-22
9-May-22,"32,685.17","32,685.17","32,121.98","32,245.70","32,245.70",-653.67,-0.02,9-May-22
10-May-22,"32,504.09","32,752.17","31,887.89","32,160.74","32,160.74",-84.96,0,10-May-22
11-May-22,"32,123.24","32,584.02","31,798.86","31,834.11","31,834.11",-326.63,-0.01,11-May-22
12-May-22,"31,699.04","31,914.46","31,228.22","31,730.30","31,730.30",-103.81,0,12-May-22
13-May-22,"31,963.86","32,276.05","31,862.79","32,196.66","32,196.66",466.36,0.01,13-May-22
16-May-22,"32,152.15","32,514.02","31,928.18","32,223.42","32,223.42",26.76,0,16-May-22
17-May-22,"32,427.00","32,689.14","32,308.15","32,654.59","32,654.59",431.17,0.01,17-May-22
18-May-22,"32,468.67","32,468.67","31,393.95","31,490.07","31,490.07","-1,164.52",-0.04,18-May-22
19-May-22,"31,262.62","31,569.13","31,016.41","31,253.13","31,253.13",-236.94,-0.01,19-May-22
20-May-22,"31,426.94","31,515.78","30,635.76","31,261.90","31,261.90",8.77,0,20-May-22
23-May-22,"31,395.89","31,968.42","31,395.89","31,880.24","31,880.24",618.34,0.02,23-May-22
24-May-22,"31,717.61","32,014.86","31,365.59","31,928.62","31,928.62",48.38,0,24-May-22
25-May-22,"31,816.31","32,254.44","31,754.33","32,120.28","32,120.28",191.66,0.01,25-May-22
26-May-22,"32,248.17","32,774.14","32,248.17","32,637.19","32,637.19",516.91,0.02,26-May-22
27-May-22,"32,735.09","33,213.62","32,682.01","33,212.96","33,212.96",575.77,0.02,27-May-22
31-May-22,"33,160.59","33,240.22","32,752.34","32,990.12","32,990.12",-222.84,-0.01,31-May-22
1-Jun-22,"33,156.31","33,272.34","32,584.76","32,813.23","32,813.23",-176.89,-0.01,1-Jun-22
2-Jun-22,"32,809.01","33,248.61","32,509.43","33,248.28","33,248.28",435.05,0.01,2-Jun-22
3-Jun-22,"32,986.32","33,135.61","32,839.21","32,899.70","32,899.70",-348.58,-0.01,3-Jun-22
6-Jun-22,"33,032.04","33,235.37","32,819.50","32,915.78","32,915.78",16.08,0,6-Jun-22
7-Jun-22,"32,783.03","33,207.45","32,641.85","33,180.14","33,180.14",264.36,0.01,7-Jun-22
8-Jun-22,"33,087.07","33,156.50","32,824.37","32,910.90","32,910.90",-269.24,-0.01,8-Jun-22
9-Jun-22,"32,828.62","32,956.73","32,267.78","32,272.79","32,272.79",-638.11,-0.02,9-Jun-22
10-Jun-22,"32,053.52","32,053.52","31,387.84","31,392.79","31,392.79",-880,-0.03,10-Jun-22
13-Jun-22,"31,144.91","31,144.91","30,373.72","30,516.74","30,516.74",-876.05,-0.03,13-Jun-22
14-Jun-22,"30,592.34","30,690.80","30,144.23","30,364.83","30,364.83",-151.91,0,14-Jun-22
15-Jun-22,"30,570.50","31,011.97","30,185.08","30,668.53","30,668.53",303.7,0.01,15-Jun-22
16-Jun-22,"30,305.74","30,305.74","29,740.35","29,927.07","29,927.07",-741.46,-0.02,16-Jun-22
17-Jun-22,"29,912.70","30,167.52","29,653.29","29,888.78","29,888.78",-38.29,0,17-Jun-22
21-Jun-22,"30,074.69","30,653.98","30,074.69","30,530.25","30,530.25",641.47,0.02,21-Jun-22
22-Jun-22,"30,352.57","30,777.92","30,166.01","30,483.13","30,483.13",-47.12,0,22-Jun-22
23-Jun-22,"30,570.33","30,715.63","30,293.40","30,677.36","30,677.36",194.23,0.01,23-Jun-22
24-Jun-22,"30,846.94","31,517.29","30,846.94","31,500.68","31,500.68",823.32,0.03,24-Jun-22
27-Jun-22,"31,533.60","31,598.59","31,351.37","31,438.26","31,438.26",-62.42,0,27-Jun-22
28-Jun-22,"31,549.05","31,885.09","30,934.33","30,946.99","30,946.99",-491.27,-0.02,28-Jun-22
29-Jun-22,"31,067.41","31,152.96","30,894.53","31,029.31","31,029.31",82.32,0,29-Jun-22
30-Jun-22,"30,790.00","30,979.85","30,431.87","30,775.43","30,775.43",-253.88,-0.01,30-Jun-22
1-Jul-22,"30,737.77","31,139.35","30,487.79","31,097.26","31,097.26",321.83,0.01,1-Jul-22
5-Jul-22,"30,903.12","30,971.74","30,355.12","30,967.82","30,967.82",-129.44,0,5-Jul-22
6-Jul-22,"30,957.30","31,224.69","30,794.84","31,037.68","31,037.68",69.86,0,6-Jul-22
7-Jul-22,"31,190.65","31,421.84","31,154.64","31,384.55","31,384.55",346.87,0.01,7-Jul-22
8-Jul-22,"31,348.43","31,511.46","31,212.45","31,338.15","31,338.15",-46.4,0,8-Jul-22
11-Jul-22,"31,277.98","31,367.55","31,114.40","31,173.84","31,173.84",-164.31,-0.01,11-Jul-22
12-Jul-22,"31,113.31","31,346.10","30,860.51","30,981.33","30,981.33",-192.51,-0.01,12-Jul-22
13-Jul-22,"30,743.63","30,979.17","30,514.61","30,772.79","30,772.79",-208.54,-0.01,13-Jul-22
14-Jul-22,"30,451.80","30,680.12","30,143.93","30,630.17","30,630.17",-142.62,0,14-Jul-22
15-Jul-22,"30,775.37","31,288.26","30,775.37","31,288.26","31,288.26",658.09,0.02,15-Jul-22
18-Jul-22,"31,475.98","31,644.68","30,982.97","31,072.61","31,072.61",-215.65,-0.01,18-Jul-22
19-Jul-22,"31,165.91","31,842.25","31,165.91","31,827.05","31,827.05",754.44,0.02,19-Jul-22
20-Jul-22,"31,829.99","31,944.45","31,646.95","31,874.84","31,874.84",47.79,0,20-Jul-22
21-Jul-22,"31,826.49","32,040.63","31,534.08","32,036.90","32,036.90",162.06,0.01,21-Jul-22
22-Jul-22,"32,167.92","32,219.25","31,731.47","31,899.29","31,899.29",-137.61,0,22-Jul-22
25-Jul-22,"31,950.93","32,029.03","31,821.67","31,990.04","31,990.04",90.75,0,25-Jul-22
26-Jul-22,"31,950.04","31,950.04","31,705.36","31,761.54","31,761.54",-228.5,-0.01,26-Jul-22
27-Jul-22,"31,865.05","32,336.23","31,799.43","32,197.59","32,197.59",436.05,0.01,27-Jul-22
28-Jul-22,"32,197.62","32,609.54","31,982.61","32,529.63","32,529.63",332.04,0.01,28-Jul-22
29-Jul-22,"32,515.62","32,910.18","32,493.02","32,845.13","32,845.13",315.5,0.01,29-Jul-22
1-Aug-22,"32,755.71","32,972.03","32,640.79","32,798.40","32,798.40",-46.73,0,1-Aug-22
2-Aug-22,"32,691.29","32,772.93","32,387.12","32,396.17","32,396.17",-402.23,-0.01,2-Aug-22
3-Aug-22,"32,514.21","32,912.74","32,514.21","32,812.50","32,812.50",416.33,0.01,3-Aug-22
4-Aug-22,"32,805.69","32,829.22","32,652.63","32,726.82","32,726.82",-85.68,0,4-Aug-22
5-Aug-22,"32,593.90","32,814.61","32,489.62","32,803.47","32,803.47",76.65,0,5-Aug-22
8-Aug-22,"32,877.36","33,109.96","32,769.10","32,832.54","32,832.54",29.07,0,8-Aug-22
9-Aug-22,"32,807.36","32,877.53","32,702.66","32,774.41","32,774.41",-58.13,0,9-Aug-22
10-Aug-22,"33,130.63","33,364.41","33,130.63","33,309.51","33,309.51",535.1,0.02,10-Aug-22
11-Aug-22,"33,451.51","33,651.80","33,289.83","33,336.67","33,336.67",27.16,0,11-Aug-22
12-Aug-22,"33,430.72","33,767.09","33,398.32","33,761.05","33,761.05",424.38,0.01,12-Aug-22
15-Aug-22,"33,710.70","33,954.71","33,582.96","33,912.44","33,912.44",151.39,0,15-Aug-22
16-Aug-22,"33,924.35","34,281.36","33,852.57","34,152.01","34,152.01",239.57,0.01,16-Aug-22
17-Aug-22,"34,029.55","34,161.01","33,828.41","33,980.32","33,980.32",-171.69,-0.01,17-Aug-22
18-Aug-22,"33,981.86","34,043.83","33,844.46","33,999.04","33,999.04",18.72,0,18-Aug-22
19-Aug-22,"33,904.69","33,904.69","33,627.09","33,706.74","33,706.74",-292.3,-0.01,19-Aug-22
22-Aug-22,"33,586.59","33,586.59","33,007.63","33,063.61","33,063.61",-643.13,-0.02,22-Aug-22
23-Aug-22,"33,033.52","33,138.26","32,858.89","32,909.59","32,909.59",-154.02,0,23-Aug-22
24-Aug-22,"32,899.01","33,095.50","32,828.56","32,969.23","32,969.23",59.64,0,24-Aug-22
25-Aug-22,"33,029.27","33,306.09","32,889.85","33,291.78","33,291.78",322.55,0.01,25-Aug-22
26-Aug-22,"33,293.43","33,364.70","32,278.22","32,283.40","32,283.40","-1,008.38",-0.03,26-Aug-22
29-Aug-22,"32,188.00","32,325.16","31,972.79","32,098.99","32,098.99",-184.41,-0.01,29-Aug-22
30-Aug-22,"32,163.84","32,205.66","31,647.22","31,790.87","31,790.87",-308.12,-0.01,30-Aug-22
31-Aug-22,"31,827.15","31,966.04","31,509.59","31,510.43","31,510.43",-280.44,-0.01,31-Aug-22
1-Sep-22,"31,454.58","31,677.51","31,219.75","31,656.42","31,656.42",145.99,0,1-Sep-22
2-Sep-22,"31,848.50","32,026.90","31,182.09","31,318.44","31,318.44",-337.98,-0.01,2-Sep-22
